id,student_id,student_name,department,service_name,service_date,service_hour,remarks,created_by,created_at
1,2024-01039,Anna Mendoza,ABEL,OSAA / Student Affairs,2024-11-16,11,Follow-up,System,2026-03-30 00:53:17
2,2024-01098,Carlos Aquino,BSMath,OSAA / Student Affairs,2024-07-10,16,,System,2026-03-30 00:53:17
3,2024-01042,Mark Mendoza,BSME,Guidance Counseling,2024-11-02,9,First time,System,2026-03-30 00:53:17
4,2024-01031,James Santos,BSIT,Library,2024-06-06,17,,System,2026-03-30 00:53:17
5,2024-01094,Carlos Villanueva,BSME,ICTMO,2024-02-13,9,Emergency,System,2026-03-30 00:53:17
6,2024-01017,Anna Lim,BSME,OSAA / Student Affairs,2024-03-05,10,First time,System,2026-03-30 00:53:17
7,2024-01078,Maria Dela Cruz,BSEE,Library,2024-09-27,16,Walk-in,System,2026-03-30 00:53:17
8,2024-01026,Mark Santos,BSARCHI,Registrar,2024-12-19,13,Regular,System,2026-03-30 00:53:17
9,2024-01058,Lisa Dela Cruz,BSCoE,Library,2024-09-21,11,,System,2026-03-30 00:53:17
10,2024-01003,Carlos Reyes,ABEL,Library,2024-06-22,17,Follow-up,System,2026-03-30 00:53:17
11,2024-01010,Juan Santos,BSIT,Library,2024-01-04,9,,System,2026-03-30 00:53:17
12,2024-01010,Juan Santos,ABEL,Library,2024-06-18,12,Walk-in,System,2026-03-30 00:53:17
13,2024-01028,Patricia Mendoza,ABEL,Library,2024-09-05,17,Emergency,System,2026-03-30 00:53:17
14,2024-01032,William Villanueva,BSME,ICTMO,2024-08-30,14,Follow-up,System,2026-03-30 00:53:17
15,2024-01013,Juan Aquino,BSEE,Clinic / Medical,2024-02-18,14,Regular,System,2026-03-30 00:53:17
16,2024-01094,Carlos Villanueva,BSIT,Cashier,2024-08-27,9,,System,2026-03-30 00:53:17
17,2024-01094,Carlos Villanueva,BSCE,ICTMO,2024-07-25,9,Follow-up,System,2026-03-30 00:53:17
18,2024-01025,Maria Santos,ABEL,Registrar,2024-04-08,10,Regular,System,2026-03-30 00:53:17
19,2024-01036,Patricia Reyes,BSME,Library,2024-04-03,9,Regular,System,2026-03-30 00:53:17
20,2024-01013,Juan Aquino,BSIT,Cashier,2024-10-08,16,,System,2026-03-30 00:53:17
21,2024-01097,William Fernandez,BSED,Library,2024-02-17,14,Regular,System,2026-03-30 00:53:17
22,2024-01028,Patricia Mendoza,BSEE,Guidance Counseling,2024-09-03,10,Regular,System,2026-03-30 00:53:17
23,2024-01050,Patricia Rodriguez,BSARCHI,ICTMO,2024-01-02,15,First time,System,2026-03-30 00:53:17
24,2024-01090,William Aquino,ABEL,Cashier,2024-08-04,15,Follow-up,System,2026-03-30 00:53:17
25,2024-01038,Juan Rodriguez,BSED,Guidance Counseling,2024-04-07,17,Walk-in,System,2026-03-30 00:53:17
26,2024-01008,Maria Gonzales,BSCE,Guidance Counseling,2024-10-04,8,Emergency,System,2026-03-30 00:53:17
27,2024-01065,Lisa Reyes,ABEL,Library,2024-09-01,8,Emergency,System,2026-03-30 00:53:17
28,2024-01024,Michael Garcia,BSCoE,OSAA / Student Affairs,2024-02-11,9,Walk-in,System,2026-03-30 00:53:17
29,2024-01052,Jennifer Reyes,BSCoE,OSAA / Student Affairs,2024-04-30,11,Emergency,System,2026-03-30 00:53:17
30,2024-01006,Robert Fernandez,BSCoE,Registrar,2024-10-31,17,Emergency,System,2026-03-30 00:53:17
31,2024-01041,Linda Santos,BSARCHI,Library,2024-09-24,13,Follow-up,System,2026-03-30 00:53:17
32,2024-01051,John Aquino,BSMath,Cashier,2024-05-15,12,Regular,System,2026-03-30 00:53:17
33,2024-01097,William Fernandez,BSCoE,Guidance Counseling,2024-06-10,15,Emergency,System,2026-03-30 00:53:17
34,2024-01013,Juan Aquino,BSCoE,OSAA / Student Affairs,2024-10-15,11,Emergency,System,2026-03-30 00:53:17
35,2024-01017,Anna Lim,BSCE,Guidance Counseling,2024-05-15,11,First time,System,2026-03-30 00:53:17
36,2024-01021,Jennifer Villanueva,BSME,ICTMO,2024-05-25,16,Walk-in,System,2026-03-30 00:53:17
37,2024-01079,Linda Santos,ABEL,Guidance Counseling,2024-06-03,16,First time,System,2026-03-30 00:53:17
38,2024-01014,Anna Fernandez,BSMath,Clinic / Medical,2024-12-05,9,,System,2026-03-30 00:53:17
39,2024-01020,Michael Smith,BSARCHI,Clinic / Medical,2024-10-10,17,Follow-up,System,2026-03-30 00:53:17
40,2024-01027,Lisa Garcia,BSARCHI,OSAA / Student Affairs,2024-06-24,15,First time,System,2026-03-30 00:53:17
41,2024-01012,James Gonzales,BSEE,ICTMO,2024-01-27,12,,System,2026-03-30 00:53:17
42,2024-01043,Sarah Rodriguez,BSMath,Cashier,2024-01-02,12,Follow-up,System,2026-03-30 00:53:17
43,2024-01071,James Aquino,BSEE,OSAA / Student Affairs,2024-08-14,8,,System,2026-03-30 00:53:17
44,2024-01089,Maria Rodriguez,BSMath,OSAA / Student Affairs,2024-02-08,8,First time,System,2026-03-30 00:53:17
45,2024-01071,James Aquino,BSMath,Registrar,2024-10-25,10,,System,2026-03-30 00:53:17
46,2024-01047,Robert Mendoza,BSIT,Clinic / Medical,2024-06-06,11,Walk-in,System,2026-03-30 00:53:17
47,2024-01086,Carlos Aquino,BSCoE,Clinic / Medical,2024-05-07,16,Regular,System,2026-03-30 00:53:17
48,2024-01096,Juan Fernandez,BSMath,Library,2024-11-13,10,Follow-up,System,2026-03-30 00:53:17
49,2024-01004,Anna Smith,BSMath,Cashier,2024-07-30,13,Regular,System,2026-03-30 00:53:17
50,2024-01095,John Lim,BSED,Clinic / Medical,2024-12-08,10,Walk-in,System,2026-03-30 00:53:17
51,2024-01049,Robert Santos,BSIT,ICTMO,2024-02-25,15,Follow-up,System,2026-03-30 00:53:17
52,2024-01059,Anna Dela Cruz,BSCE,Clinic / Medical,2024-04-12,11,Follow-up,System,2026-03-30 00:53:17
53,2024-01085,Sarah Aquino,BSED,Registrar,2024-01-13,13,First time,System,2026-03-30 00:53:17
54,2024-01099,Michael Smith,BSARCHI,Clinic / Medical,2024-02-05,16,Regular,System,2026-03-30 00:53:17
55,2024-01069,Carlos Smith,BSCE,Guidance Counseling,2024-12-13,9,First time,System,2026-03-30 00:53:17
56,2024-01075,Mark Garcia,BSARCHI,Guidance Counseling,2024-04-01,9,Emergency,System,2026-03-30 00:53:17
57,2024-01045,John Garcia,BSCE,Registrar,2024-08-10,17,Emergency,System,2026-03-30 00:53:17
58,2024-01050,Patricia Rodriguez,BSED,Clinic / Medical,2024-02-29,8,Walk-in,System,2026-03-30 00:53:17
59,2024-01001,Robert Santos,ABEL,ICTMO,2024-08-11,16,Walk-in,System,2026-03-30 00:53:17
60,2024-01026,Mark Santos,BSCE,Registrar,2024-12-09,9,Walk-in,System,2026-03-30 00:53:17
61,2024-01080,John Rodriguez,BSCE,Cashier,2024-06-18,9,Walk-in,System,2026-03-30 00:53:17
62,2024-01065,Lisa Reyes,BSARCHI,Cashier,2024-06-02,14,First time,System,2026-03-30 00:53:17
63,2024-01090,William Aquino,BSARCHI,OSAA / Student Affairs,2024-07-25,10,Follow-up,System,2026-03-30 00:53:17
64,2024-01086,Carlos Aquino,BSEE,Cashier,2024-08-03,10,Emergency,System,2026-03-30 00:53:17
65,2024-01039,Anna Mendoza,BSEE,OSAA / Student Affairs,2024-10-18,8,First time,System,2026-03-30 00:53:17
66,2024-01027,Lisa Garcia,BSEE,ICTMO,2024-05-26,17,Emergency,System,2026-03-30 00:53:17
67,2024-01042,Mark Mendoza,BSME,Registrar,2024-12-01,15,Walk-in,System,2026-03-30 00:53:17
68,2024-01066,Robert Lim,BSME,ICTMO,2024-04-19,10,Walk-in,System,2026-03-30 00:53:17
69,2024-01037,Jennifer Santos,ABEL,Cashier,2024-02-13,17,First time,System,2026-03-30 00:53:17
70,2024-01097,William Fernandez,BSED,Cashier,2024-02-17,12,Follow-up,System,2026-03-30 00:53:17
71,2024-01019,Michael Dela Cruz,BSIT,Guidance Counseling,2024-04-11,11,Regular,System,2026-03-30 00:53:17
72,2024-01099,Michael Smith,BSCoE,Registrar,2024-11-08,14,Walk-in,System,2026-03-30 00:53:17
73,2024-01025,Maria Santos,BSEE,Registrar,2024-10-21,14,Follow-up,System,2026-03-30 00:53:17
74,2024-01084,Mark Gonzales,BSIT,ICTMO,2024-03-16,9,Regular,System,2026-03-30 00:53:17
75,2024-01023,John Reyes,ABEL,Registrar,2024-04-22,8,Emergency,System,2026-03-30 00:53:17
76,2024-01016,James Villanueva,BSME,Library,2024-05-07,15,Walk-in,System,2026-03-30 00:53:17
77,2024-01072,Carlos Fernandez,BSCE,ICTMO,2024-09-28,15,Emergency,System,2026-03-30 00:53:17
78,2024-01055,William Rodriguez,ABEL,Registrar,2024-09-15,10,Walk-in,System,2026-03-30 00:53:17
79,2024-01058,Lisa Dela Cruz,BSARCHI,ICTMO,2024-08-31,11,Walk-in,System,2026-03-30 00:53:17
80,2024-01099,Michael Smith,ABEL,Registrar,2024-05-21,11,First time,System,2026-03-30 00:53:17
81,2024-01010,Juan Santos,BSARCHI,Library,2024-08-13,12,First time,System,2026-03-30 00:53:17
82,2024-01070,Anna Fernandez,BSCoE,Library,2024-06-12,10,Follow-up,System,2026-03-30 00:53:17
83,2024-01089,Maria Rodriguez,BSMath,Cashier,2024-07-15,11,,System,2026-03-30 00:53:17
84,2024-01053,John Lim,BSCE,OSAA / Student Affairs,2024-07-31,15,Regular,System,2026-03-30 00:53:17
85,2024-01027,Lisa Garcia,BSEE,Registrar,2024-02-01,17,Walk-in,System,2026-03-30 00:53:17
86,2024-01098,Carlos Aquino,BSEE,Registrar,2024-01-11,8,First time,System,2026-03-30 00:53:17
87,2024-01097,William Fernandez,BSEE,ICTMO,2024-06-01,14,Emergency,System,2026-03-30 00:53:17
88,2024-01078,Maria Dela Cruz,BSED,Registrar,2024-10-06,11,First time,System,2026-03-30 00:53:17
89,2024-01063,William Gonzales,BSIT,Registrar,2024-08-11,13,Walk-in,System,2026-03-30 00:53:17
90,2024-01052,Jennifer Reyes,BSMath,ICTMO,2024-12-13,15,Follow-up,System,2026-03-30 00:53:17
91,2024-01069,Carlos Smith,BSIT,Registrar,2024-11-14,17,Emergency,System,2026-03-30 00:53:17
92,2024-01004,Anna Smith,BSCoE,Cashier,2024-12-05,14,Follow-up,System,2026-03-30 00:53:17
93,2024-01024,Michael Garcia,BSIT,Clinic / Medical,2024-08-24,14,First time,System,2026-03-30 00:53:17
94,2024-01059,Anna Dela Cruz,BSCE,Clinic / Medical,2024-04-18,14,First time,System,2026-03-30 00:53:17
95,2024-01033,Maria Aquino,BSCoE,Registrar,2024-08-03,8,Walk-in,System,2026-03-30 00:53:17
96,2024-01007,William Aquino,BSCE,Library,2024-10-03,9,Walk-in,System,2026-03-30 00:53:17
97,2024-01097,William Fernandez,BSIT,Library,2024-01-21,11,,System,2026-03-30 00:53:17
98,2024-01020,Michael Smith,BSED,Library,2024-11-14,15,Walk-in,System,2026-03-30 00:53:17
99,2024-01073,Patricia Villanueva,BSED,Registrar,2024-02-28,12,First time,System,2026-03-30 00:53:17
100,2024-01078,Maria Dela Cruz,BSCoE,ICTMO,2024-03-26,10,First time,System,2026-03-30 00:53:17
101,2024-01075,Mark Garcia,BSIT,Clinic / Medical,2024-02-25,17,Walk-in,System,2026-03-30 00:53:17
102,2024-01051,John Aquino,BSED,Guidance Counseling,2024-07-11,17,Walk-in,System,2026-03-30 00:53:17
103,2024-01032,William Villanueva,BSCoE,Cashier,2024-11-17,12,Walk-in,System,2026-03-30 00:53:17
104,2024-01016,James Villanueva,BSIT,Clinic / Medical,2024-11-03,16,Regular,System,2026-03-30 00:53:17
105,2024-01048,Jennifer Rodriguez,BSCoE,OSAA / Student Affairs,2024-12-04,13,,System,2026-03-30 00:53:17
106,2024-01063,William Gonzales,BSCoE,Registrar,2024-08-03,13,Walk-in,System,2026-03-30 00:53:17
107,2024-01091,Michael Mendoza,BSMath,Registrar,2024-08-23,10,Walk-in,System,2026-03-30 00:53:17
108,2024-01084,Mark Gonzales,BSARCHI,OSAA / Student Affairs,2024-09-24,16,Regular,System,2026-03-30 00:53:17
109,2024-01056,Jennifer Aquino,BSARCHI,Clinic / Medical,2024-08-26,11,,System,2026-03-30 00:53:17
110,2024-01058,Lisa Dela Cruz,BSED,ICTMO,2024-05-22,15,Emergency,System,2026-03-30 00:53:17
111,2024-01086,Carlos Aquino,BSEE,Clinic / Medical,2024-11-08,8,Regular,System,2026-03-30 00:53:17
112,2024-01024,Michael Garcia,BSME,Library,2024-06-15,13,First time,System,2026-03-30 00:53:17
113,2024-01036,Patricia Reyes,BSARCHI,OSAA / Student Affairs,2024-06-23,8,Emergency,System,2026-03-30 00:53:17
114,2024-01011,Anna Reyes,BSED,Cashier,2024-04-07,14,Regular,System,2026-03-30 00:53:17
115,2024-01098,Carlos Aquino,BSED,Cashier,2024-10-11,15,Walk-in,System,2026-03-30 00:53:17
116,2024-01063,William Gonzales,BSME,ICTMO,2024-12-30,8,,System,2026-03-30 00:53:17
117,2024-01029,Michael Dela Cruz,BSEE,Cashier,2024-05-30,11,First time,System,2026-03-30 00:53:17
118,2024-01075,Mark Garcia,BSCE,Registrar,2024-12-05,16,Emergency,System,2026-03-30 00:53:17
119,2024-01055,William Rodriguez,ABEL,Clinic / Medical,2024-06-25,13,Walk-in,System,2026-03-30 00:53:17
120,2024-01035,Patricia Garcia,BSARCHI,Clinic / Medical,2024-08-20,11,,System,2026-03-30 00:53:17
121,2024-01041,Linda Santos,BSCoE,Cashier,2024-04-08,16,Walk-in,System,2026-03-30 00:53:17
122,2024-01025,Maria Santos,BSED,Cashier,2024-04-04,15,First time,System,2026-03-30 00:53:17
123,2024-01098,Carlos Aquino,ABEL,OSAA / Student Affairs,2024-10-28,12,,System,2026-03-30 00:53:17
124,2024-01038,Juan Rodriguez,BSED,Clinic / Medical,2024-04-09,10,First time,System,2026-03-30 00:53:17
125,2024-01091,Michael Mendoza,ABEL,Library,2024-01-08,12,,System,2026-03-30 00:53:17
126,2024-01071,James Aquino,BSARCHI,Cashier,2024-01-28,10,Walk-in,System,2026-03-30 00:53:17
127,2024-01014,Anna Fernandez,BSIT,OSAA / Student Affairs,2024-09-08,12,Regular,System,2026-03-30 00:53:17
128,2024-01057,Anna Rodriguez,BSCE,Library,2024-09-02,8,First time,System,2026-03-30 00:53:17
129,2024-01015,Robert Fernandez,BSCoE,Registrar,2024-09-01,15,,System,2026-03-30 00:53:17
130,2024-01081,John Rodriguez,BSIT,Library,2024-10-22,10,Emergency,System,2026-03-30 00:53:17
131,2024-01011,Anna Reyes,BSED,Guidance Counseling,2024-06-04,16,Regular,System,2026-03-30 00:53:17
132,2024-01077,James Lim,BSED,ICTMO,2024-11-06,16,Regular,System,2026-03-30 00:53:17
133,2024-01057,Anna Rodriguez,BSARCHI,ICTMO,2024-08-18,17,Regular,System,2026-03-30 00:53:17
134,2024-01073,Patricia Villanueva,BSIT,OSAA / Student Affairs,2024-06-05,9,Follow-up,System,2026-03-30 00:53:17
135,2024-01028,Patricia Mendoza,BSARCHI,Cashier,2024-11-16,9,Follow-up,System,2026-03-30 00:53:17
136,2024-01023,John Reyes,ABEL,Guidance Counseling,2024-05-02,10,,System,2026-03-30 00:53:17
137,2024-01058,Lisa Dela Cruz,BSME,Clinic / Medical,2024-07-28,8,Follow-up,System,2026-03-30 00:53:17
138,2024-01091,Michael Mendoza,BSARCHI,Cashier,2024-05-27,15,,System,2026-03-30 00:53:17
139,2024-01030,Jennifer Lim,BSARCHI,ICTMO,2024-12-17,17,Walk-in,System,2026-03-30 00:53:17
140,2024-01055,William Rodriguez,BSCoE,OSAA / Student Affairs,2024-04-11,11,Walk-in,System,2026-03-30 00:53:17
141,2024-01035,Patricia Garcia,BSMath,Guidance Counseling,2024-03-17,8,Follow-up,System,2026-03-30 00:53:17
142,2024-01077,James Lim,BSARCHI,Registrar,2024-06-06,9,Regular,System,2026-03-30 00:53:17
143,2024-01039,Anna Mendoza,BSEE,Clinic / Medical,2024-12-18,16,Emergency,System,2026-03-30 00:53:17
144,2024-01057,Anna Rodriguez,BSCoE,OSAA / Student Affairs,2024-09-09,8,Regular,System,2026-03-30 00:53:17
145,2024-01078,Maria Dela Cruz,BSARCHI,Guidance Counseling,2024-06-14,9,Follow-up,System,2026-03-30 00:53:17
146,2024-01074,William Gonzales,BSIT,ICTMO,2024-12-11,12,Emergency,System,2026-03-30 00:53:17
147,2024-01098,Carlos Aquino,BSMath,Registrar,2024-01-21,16,Walk-in,System,2026-03-30 00:53:17
148,2024-01036,Patricia Reyes,BSMath,OSAA / Student Affairs,2024-08-14,14,Walk-in,System,2026-03-30 00:53:17
149,2024-01012,James Gonzales,BSME,Clinic / Medical,2024-09-08,14,First time,System,2026-03-30 00:53:17
150,2024-01086,Carlos Aquino,BSCoE,ICTMO,2024-06-13,10,First time,System,2026-03-30 00:53:17
151,2024-01089,Maria Rodriguez,BSME,Clinic / Medical,2024-07-29,14,Emergency,System,2026-03-30 00:53:17
152,2024-01059,Anna Dela Cruz,BSCoE,Clinic / Medical,2024-01-19,12,First time,System,2026-03-30 00:53:17
153,2024-01099,Michael Smith,BSEE,ICTMO,2024-02-29,16,,System,2026-03-30 00:53:17
154,2024-01070,Anna Fernandez,BSME,Registrar,2024-12-02,8,Follow-up,System,2026-03-30 00:53:17
155,2024-01047,Robert Mendoza,BSME,Cashier,2024-09-22,15,,System,2026-03-30 00:53:17
156,2024-01035,Patricia Garcia,ABEL,Library,2024-04-14,12,Regular,System,2026-03-30 00:53:17
157,2024-01063,William Gonzales,BSCoE,Guidance Counseling,2024-12-23,17,Follow-up,System,2026-03-30 00:53:17
158,2024-01021,Jennifer Villanueva,BSARCHI,OSAA / Student Affairs,2024-12-29,8,Emergency,System,2026-03-30 00:53:17
159,2024-01012,James Gonzales,BSED,ICTMO,2024-07-27,9,Regular,System,2026-03-30 00:53:17
160,2024-01083,Maria Villanueva,BSMath,Registrar,2024-03-01,12,Emergency,System,2026-03-30 00:53:17
161,2024-01035,Patricia Garcia,BSEE,ICTMO,2024-12-27,15,Regular,System,2026-03-30 00:53:17
162,2024-01059,Anna Dela Cruz,ABEL,Library,2024-05-04,14,Follow-up,System,2026-03-30 00:53:17
163,2024-01066,Robert Lim,BSMath,ICTMO,2024-11-02,9,First time,System,2026-03-30 00:53:17
164,2024-01044,Linda Garcia,ABEL,Clinic / Medical,2024-07-31,8,First time,System,2026-03-30 00:53:17
165,2024-01076,Anna Smith,BSME,ICTMO,2024-06-01,10,Regular,System,2026-03-30 00:53:17
166,2024-01062,Maria Reyes,BSCE,Clinic / Medical,2024-10-02,16,Emergency,System,2026-03-30 00:53:17
167,2024-01059,Anna Dela Cruz,BSCE,ICTMO,2024-07-12,11,Walk-in,System,2026-03-30 00:53:17
168,2024-01074,William Gonzales,BSEE,Library,2024-05-02,14,,System,2026-03-30 00:53:17
169,2024-01096,Juan Fernandez,BSME,Cashier,2024-06-11,14,Regular,System,2026-03-30 00:53:17
170,2024-01084,Mark Gonzales,BSMath,Registrar,2024-12-05,8,Follow-up,System,2026-03-30 00:53:17
171,2024-01076,Anna Smith,BSCE,ICTMO,2024-09-14,9,Regular,System,2026-03-30 00:53:17
172,2024-01068,Sarah Smith,BSME,Guidance Counseling,2024-02-21,10,Regular,System,2026-03-30 00:53:17
173,2024-01020,Michael Smith,BSCoE,Registrar,2024-12-01,12,First time,System,2026-03-30 00:53:17
174,2024-01089,Maria Rodriguez,BSEE,Cashier,2024-11-15,9,First time,System,2026-03-30 00:53:17
175,2024-01069,Carlos Smith,BSEE,Clinic / Medical,2024-12-11,15,Emergency,System,2026-03-30 00:53:17
176,2024-01080,John Rodriguez,BSCoE,Library,2024-01-19,12,Follow-up,System,2026-03-30 00:53:17
177,2024-01056,Jennifer Aquino,BSCoE,ICTMO,2024-02-16,9,Regular,System,2026-03-30 00:53:17
178,2024-01089,Maria Rodriguez,BSARCHI,Guidance Counseling,2024-03-26,8,First time,System,2026-03-30 00:53:17
179,2024-01038,Juan Rodriguez,BSCE,Clinic / Medical,2024-01-29,14,Follow-up,System,2026-03-30 00:53:17
180,2024-01068,Sarah Smith,BSEE,OSAA / Student Affairs,2024-05-05,10,Follow-up,System,2026-03-30 00:53:17
181,2024-01011,Anna Reyes,BSEE,OSAA / Student Affairs,2024-03-30,11,Regular,System,2026-03-30 00:53:17
182,2024-01019,Michael Dela Cruz,BSED,Registrar,2024-10-25,12,Regular,System,2026-03-30 00:53:17
183,2024-01086,Carlos Aquino,BSIT,ICTMO,2024-05-10,15,First time,System,2026-03-30 00:53:17
184,2024-01070,Anna Fernandez,BSMath,Guidance Counseling,2024-12-12,15,First time,System,2026-03-30 00:53:17
185,2024-01039,Anna Mendoza,BSEE,Cashier,2024-10-27,12,Regular,System,2026-03-30 00:53:17
186,2024-01026,Mark Santos,BSEE,ICTMO,2024-06-03,15,,System,2026-03-30 00:53:17
187,2024-01049,Robert Santos,BSCE,OSAA / Student Affairs,2024-05-01,12,Walk-in,System,2026-03-30 00:53:17
188,2024-01003,Carlos Reyes,BSEE,Clinic / Medical,2024-05-31,8,Emergency,System,2026-03-30 00:53:17
189,2024-01100,James Santos,BSIT,OSAA / Student Affairs,2024-12-17,15,First time,System,2026-03-30 00:53:17
190,2024-01078,Maria Dela Cruz,BSCE,Library,2024-04-27,11,Emergency,System,2026-03-30 00:53:17
191,2024-01087,Linda Dela Cruz,BSMath,Cashier,2024-05-08,9,Walk-in,System,2026-03-30 00:53:17
192,2024-01006,Robert Fernandez,BSARCHI,ICTMO,2024-11-26,15,,System,2026-03-30 00:53:17
193,2024-01047,Robert Mendoza,BSMath,Guidance Counseling,2024-10-23,12,First time,System,2026-03-30 00:53:17
194,2024-01023,John Reyes,BSED,Library,2024-07-31,16,First time,System,2026-03-30 00:53:17
195,2024-01065,Lisa Reyes,BSARCHI,ICTMO,2024-09-28,10,First time,System,2026-03-30 00:53:17
196,2024-01038,Juan Rodriguez,BSCE,ICTMO,2024-09-03,9,Regular,System,2026-03-30 00:53:17
197,2024-01019,Michael Dela Cruz,BSED,ICTMO,2024-02-08,14,Emergency,System,2026-03-30 00:53:17
198,2024-01012,James Gonzales,BSEE,Guidance Counseling,2024-07-06,12,Emergency,System,2026-03-30 00:53:17
199,2024-01059,Anna Dela Cruz,BSCE,Cashier,2024-03-04,12,Emergency,System,2026-03-30 00:53:17
200,2024-01082,Mark Gonzales,BSCE,Guidance Counseling,2024-07-14,11,Regular,System,2026-03-30 00:53:17
201,2024-01080,John Rodriguez,ABEL,Clinic / Medical,2024-01-13,17,Follow-up,System,2026-03-30 00:53:17
202,2024-01009,Mark Dela Cruz,BSME,Cashier,2024-11-27,12,Walk-in,System,2026-03-30 00:53:17
203,2024-01015,Robert Fernandez,BSMath,Guidance Counseling,2024-07-28,8,First time,System,2026-03-30 00:53:17
204,2024-01015,Robert Fernandez,BSCoE,Library,2024-09-09,16,Follow-up,System,2026-03-30 00:53:17
205,2024-01059,Anna Dela Cruz,BSCE,Cashier,2024-07-17,16,Regular,System,2026-03-30 00:53:17
206,2024-01096,Juan Fernandez,BSMath,Registrar,2024-10-27,9,Regular,System,2026-03-30 00:53:17
207,2024-01053,John Lim,BSARCHI,Guidance Counseling,2024-11-11,13,Follow-up,System,2026-03-30 00:53:17
208,2024-01057,Anna Rodriguez,BSED,ICTMO,2024-08-15,13,,System,2026-03-30 00:53:17
209,2024-01048,Jennifer Rodriguez,ABEL,Cashier,2024-12-17,13,,System,2026-03-30 00:53:17
210,2024-01036,Patricia Reyes,BSED,Guidance Counseling,2024-07-22,15,,System,2026-03-30 00:53:17
211,2024-01028,Patricia Mendoza,BSIT,Guidance Counseling,2024-12-05,13,Follow-up,System,2026-03-30 00:53:17
212,2024-01073,Patricia Villanueva,BSED,Guidance Counseling,2024-03-05,16,Follow-up,System,2026-03-30 00:53:17
213,2024-01028,Patricia Mendoza,BSED,Clinic / Medical,2024-10-27,10,Emergency,System,2026-03-30 00:53:17
214,2024-01036,Patricia Reyes,BSMath,Library,2024-01-02,16,First time,System,2026-03-30 00:53:17
215,2024-01015,Robert Fernandez,BSIT,Library,2024-03-30,8,First time,System,2026-03-30 00:53:17
216,2024-01076,Anna Smith,BSCE,Guidance Counseling,2024-05-01,10,First time,System,2026-03-30 00:53:17
217,2024-01017,Anna Lim,BSEE,OSAA / Student Affairs,2024-01-27,9,Walk-in,System,2026-03-30 00:53:17
218,2024-01061,Mark Mendoza,BSME,ICTMO,2024-02-02,13,Emergency,System,2026-03-30 00:53:17
219,2024-01014,Anna Fernandez,BSME,OSAA / Student Affairs,2024-10-30,11,Emergency,System,2026-03-30 00:53:17
220,2024-01094,Carlos Villanueva,ABEL,Clinic / Medical,2024-01-23,15,Walk-in,System,2026-03-30 00:53:17
221,2024-01008,Maria Gonzales,BSME,ICTMO,2024-01-16,14,Regular,System,2026-03-30 00:53:17
222,2024-01014,Anna Fernandez,BSME,Cashier,2024-12-17,15,,System,2026-03-30 00:53:17
223,2024-01042,Mark Mendoza,BSMath,Guidance Counseling,2024-02-11,10,First time,System,2026-03-30 00:53:17
224,2024-01082,Mark Gonzales,ABEL,Cashier,2024-11-15,13,Regular,System,2026-03-30 00:53:17
225,2024-01068,Sarah Smith,BSARCHI,Registrar,2024-11-01,16,Emergency,System,2026-03-30 00:53:17
226,2024-01013,Juan Aquino,BSCoE,ICTMO,2024-08-08,16,Walk-in,System,2026-03-30 00:53:17
227,2024-01056,Jennifer Aquino,BSME,Library,2024-04-20,14,First time,System,2026-03-30 00:53:17
228,2024-01052,Jennifer Reyes,BSEE,Cashier,2024-08-20,9,First time,System,2026-03-30 00:53:17
229,2024-01041,Linda Santos,BSARCHI,Clinic / Medical,2024-08-06,10,Walk-in,System,2026-03-30 00:53:17
230,2024-01009,Mark Dela Cruz,BSCoE,ICTMO,2024-08-30,9,,System,2026-03-30 00:53:17
231,2024-01013,Juan Aquino,BSCE,ICTMO,2024-08-09,10,Emergency,System,2026-03-30 00:53:17
232,2024-01076,Anna Smith,ABEL,OSAA / Student Affairs,2024-01-31,13,Walk-in,System,2026-03-30 00:53:17
233,2024-01053,John Lim,BSCE,ICTMO,2024-03-03,14,Walk-in,System,2026-03-30 00:53:17
234,2024-01037,Jennifer Santos,BSARCHI,Clinic / Medical,2024-01-27,9,Emergency,System,2026-03-30 00:53:17
235,2024-01028,Patricia Mendoza,BSMath,Cashier,2024-09-16,15,Follow-up,System,2026-03-30 00:53:17
236,2024-01045,John Garcia,ABEL,Clinic / Medical,2024-02-25,9,First time,System,2026-03-30 00:53:17
237,2024-01029,Michael Dela Cruz,BSEE,ICTMO,2024-10-20,16,Emergency,System,2026-03-30 00:53:17
238,2024-01087,Linda Dela Cruz,ABEL,Guidance Counseling,2024-11-10,17,Walk-in,System,2026-03-30 00:53:17
239,2024-01035,Patricia Garcia,BSIT,Library,2024-12-21,12,Walk-in,System,2026-03-30 00:53:17
240,2024-01044,Linda Garcia,BSCE,Guidance Counseling,2024-06-07,10,Follow-up,System,2026-03-30 00:53:17
241,2024-01085,Sarah Aquino,BSEE,Guidance Counseling,2024-10-16,10,Walk-in,System,2026-03-30 00:53:17
242,2024-01004,Anna Smith,BSCoE,Cashier,2024-11-20,16,Follow-up,System,2026-03-30 00:53:17
243,2024-01054,Mark Mendoza,BSME,Clinic / Medical,2024-07-11,10,First time,System,2026-03-30 00:53:17
244,2024-01093,Lisa Santos,BSCE,ICTMO,2024-06-08,17,Emergency,System,2026-03-30 00:53:17
245,2024-01007,William Aquino,BSMath,Library,2024-02-13,17,,System,2026-03-30 00:53:17
246,2024-01011,Anna Reyes,BSARCHI,Registrar,2024-12-11,14,Regular,System,2026-03-30 00:53:17
247,2024-01057,Anna Rodriguez,BSEE,Clinic / Medical,2024-11-06,11,Emergency,System,2026-03-30 00:53:17
248,2024-01045,John Garcia,BSEE,Guidance Counseling,2024-02-28,12,Walk-in,System,2026-03-30 00:53:17
249,2024-01076,Anna Smith,BSME,OSAA / Student Affairs,2024-12-13,12,,System,2026-03-30 00:53:17
250,2024-01051,John Aquino,BSIT,Guidance Counseling,2024-04-22,11,First time,System,2026-03-30 00:53:17
251,2024-01099,Michael Smith,BSMath,ICTMO,2024-04-18,12,First time,System,2026-03-30 00:53:17
252,2024-01016,James Villanueva,BSIT,Registrar,2024-06-16,14,Follow-up,System,2026-03-30 00:53:17
253,2024-01049,Robert Santos,ABEL,Cashier,2024-03-07,11,Emergency,System,2026-03-30 00:53:17
254,2024-01086,Carlos Aquino,BSCE,Guidance Counseling,2024-10-13,14,Walk-in,System,2026-03-30 00:53:17
255,2024-01056,Jennifer Aquino,BSIT,Registrar,2024-01-22,9,First time,System,2026-03-30 00:53:17
256,2024-01055,William Rodriguez,BSEE,Cashier,2024-10-21,14,First time,System,2026-03-30 00:53:17
257,2024-01052,Jennifer Reyes,BSIT,Clinic / Medical,2024-02-28,10,Emergency,System,2026-03-30 00:53:17
258,2024-01089,Maria Rodriguez,BSCE,Guidance Counseling,2024-08-23,14,,System,2026-03-30 00:53:17
259,2024-01056,Jennifer Aquino,BSEE,OSAA / Student Affairs,2024-05-04,9,Regular,System,2026-03-30 00:53:17
260,2024-01096,Juan Fernandez,BSCE,Library,2024-06-07,13,Follow-up,System,2026-03-30 00:53:17
261,2024-01066,Robert Lim,BSCoE,OSAA / Student Affairs,2024-02-09,16,Follow-up,System,2026-03-30 00:53:17
262,2024-01045,John Garcia,BSMath,Library,2024-06-27,9,Follow-up,System,2026-03-30 00:53:17
263,2024-01026,Mark Santos,BSMath,OSAA / Student Affairs,2024-05-11,10,Walk-in,System,2026-03-30 00:53:17
264,2024-01023,John Reyes,BSME,Registrar,2024-02-08,17,Emergency,System,2026-03-30 00:53:17
265,2024-01088,Robert Fernandez,BSCE,ICTMO,2024-08-17,13,Follow-up,System,2026-03-30 00:53:17
266,2024-01009,Mark Dela Cruz,BSME,Registrar,2024-08-13,12,First time,System,2026-03-30 00:53:17
267,2024-01008,Maria Gonzales,BSCE,OSAA / Student Affairs,2024-10-29,9,First time,System,2026-03-30 00:53:17
268,2024-01058,Lisa Dela Cruz,BSIT,Guidance Counseling,2024-08-24,13,First time,System,2026-03-30 00:53:17
269,2024-01083,Maria Villanueva,BSCoE,OSAA / Student Affairs,2024-02-09,17,Emergency,System,2026-03-30 00:53:17
270,2024-01060,Michael Garcia,ABEL,ICTMO,2024-07-15,8,Regular,System,2026-03-30 00:53:17
271,2024-01084,Mark Gonzales,BSED,Clinic / Medical,2024-10-19,17,Regular,System,2026-03-30 00:53:17
272,2024-01020,Michael Smith,BSIT,Registrar,2024-09-13,9,First time,System,2026-03-30 00:53:17
273,2024-01011,Anna Reyes,ABEL,Cashier,2024-12-31,10,,System,2026-03-30 00:53:17
274,2024-01091,Michael Mendoza,BSME,Registrar,2024-05-06,16,Emergency,System,2026-03-30 00:53:17
275,2024-01021,Jennifer Villanueva,BSCE,Clinic / Medical,2024-11-08,12,Regular,System,2026-03-30 00:53:17
276,2024-01100,James Santos,BSCE,Cashier,2024-07-28,17,,System,2026-03-30 00:53:17
277,2024-01083,Maria Villanueva,BSCE,Guidance Counseling,2024-11-19,13,,System,2026-03-30 00:53:17
278,2024-01087,Linda Dela Cruz,BSEE,Clinic / Medical,2024-10-12,12,Walk-in,System,2026-03-30 00:53:17
279,2024-01078,Maria Dela Cruz,BSMath,Clinic / Medical,2024-12-02,9,Emergency,System,2026-03-30 00:53:17
280,2024-01019,Michael Dela Cruz,BSCE,Clinic / Medical,2024-12-05,14,Follow-up,System,2026-03-30 00:53:17
281,2024-01091,Michael Mendoza,BSCoE,Clinic / Medical,2024-10-31,16,Regular,System,2026-03-30 00:53:17
282,2024-01043,Sarah Rodriguez,BSMath,Cashier,2024-11-25,16,,System,2026-03-30 00:53:17
283,2024-01086,Carlos Aquino,BSEE,OSAA / Student Affairs,2024-11-26,13,,System,2026-03-30 00:53:17
284,2024-01040,Maria Reyes,BSMath,Library,2024-07-04,13,Regular,System,2026-03-30 00:53:17
285,2024-01029,Michael Dela Cruz,BSMath,Library,2024-04-08,9,First time,System,2026-03-30 00:53:17
286,2024-01065,Lisa Reyes,ABEL,ICTMO,2024-02-21,16,,System,2026-03-30 00:53:17
287,2024-01044,Linda Garcia,BSMath,OSAA / Student Affairs,2024-12-04,14,Follow-up,System,2026-03-30 00:53:17
288,2024-01024,Michael Garcia,BSMath,Cashier,2024-03-24,15,,System,2026-03-30 00:53:17
289,2024-01047,Robert Mendoza,BSED,Registrar,2024-07-29,17,First time,System,2026-03-30 00:53:17
290,2024-01030,Jennifer Lim,ABEL,Library,2024-08-17,12,Regular,System,2026-03-30 00:53:17
291,2024-01048,Jennifer Rodriguez,BSME,Registrar,2024-04-09,12,Regular,System,2026-03-30 00:53:17
292,2024-01068,Sarah Smith,BSEE,Library,2024-09-14,11,Emergency,System,2026-03-30 00:53:17
293,2024-01033,Maria Aquino,BSIT,Cashier,2024-03-11,15,First time,System,2026-03-30 00:53:17
294,2024-01014,Anna Fernandez,ABEL,ICTMO,2024-10-10,9,First time,System,2026-03-30 00:53:17
295,2024-01098,Carlos Aquino,BSMath,Clinic / Medical,2024-02-12,15,Emergency,System,2026-03-30 00:53:17
296,2024-01056,Jennifer Aquino,BSCoE,Library,2024-03-16,15,First time,System,2026-03-30 00:53:17
297,2024-01054,Mark Mendoza,BSIT,Registrar,2024-01-14,16,First time,System,2026-03-30 00:53:17
298,2024-01050,Patricia Rodriguez,BSCoE,Clinic / Medical,2024-04-30,11,,System,2026-03-30 00:53:17
299,2024-01013,Juan Aquino,BSCE,ICTMO,2024-06-12,10,Follow-up,System,2026-03-30 00:53:17
300,2024-01037,Jennifer Santos,BSME,Cashier,2024-01-20,10,Walk-in,System,2026-03-30 00:53:17
301,2024-01058,Lisa Dela Cruz,BSIT,Guidance Counseling,2024-08-28,8,First time,System,2026-03-30 00:53:17
302,2024-01020,Michael Smith,ABEL,Cashier,2024-04-20,17,Emergency,System,2026-03-30 00:53:17
303,2024-01015,Robert Fernandez,BSARCHI,Library,2024-08-04,12,,System,2026-03-30 00:53:17
304,2024-01031,James Santos,BSEE,Cashier,2024-01-25,17,Regular,System,2026-03-30 00:53:17
305,2024-01015,Robert Fernandez,BSME,OSAA / Student Affairs,2024-02-02,16,,System,2026-03-30 00:53:17
306,2024-01066,Robert Lim,BSED,Cashier,2024-11-19,10,First time,System,2026-03-30 00:53:17
307,2024-01001,Robert Santos,BSCE,Library,2024-08-07,17,Regular,System,2026-03-30 00:53:17
308,2024-01086,Carlos Aquino,BSCoE,OSAA / Student Affairs,2024-04-05,13,,System,2026-03-30 00:53:17
309,2024-01070,Anna Fernandez,ABEL,ICTMO,2024-09-26,16,Emergency,System,2026-03-30 00:53:17
310,2024-01050,Patricia Rodriguez,BSME,Guidance Counseling,2024-01-11,14,First time,System,2026-03-30 00:53:17
311,2024-01096,Juan Fernandez,BSIT,Clinic / Medical,2024-05-09,9,First time,System,2026-03-30 00:53:17
312,2024-01094,Carlos Villanueva,BSCoE,ICTMO,2024-05-03,17,Walk-in,System,2026-03-30 00:53:17
313,2024-01018,Patricia Mendoza,BSIT,Clinic / Medical,2024-06-19,16,First time,System,2026-03-30 00:53:17
314,2024-01023,John Reyes,BSME,Cashier,2024-11-25,15,Walk-in,System,2026-03-30 00:53:17
315,2024-01018,Patricia Mendoza,BSCoE,Cashier,2024-04-03,15,,System,2026-03-30 00:53:17
316,2024-01026,Mark Santos,BSIT,ICTMO,2024-05-30,11,,System,2026-03-30 00:53:17
317,2024-01040,Maria Reyes,ABEL,Registrar,2024-06-10,16,Regular,System,2026-03-30 00:53:17
318,2024-01005,Jennifer Santos,BSED,Clinic / Medical,2024-05-09,13,,System,2026-03-30 00:53:17
319,2024-01043,Sarah Rodriguez,BSARCHI,Guidance Counseling,2024-12-01,13,Regular,System,2026-03-30 00:53:17
320,2024-01096,Juan Fernandez,BSME,Registrar,2024-07-23,13,Follow-up,System,2026-03-30 00:53:17
321,2024-01089,Maria Rodriguez,BSME,Clinic / Medical,2024-09-11,16,First time,System,2026-03-30 00:53:17
322,2024-01094,Carlos Villanueva,BSEE,Guidance Counseling,2024-02-12,14,Emergency,System,2026-03-30 00:53:17
323,2024-01070,Anna Fernandez,BSARCHI,Clinic / Medical,2024-04-02,9,,System,2026-03-30 00:53:17
324,2024-01085,Sarah Aquino,BSARCHI,Clinic / Medical,2024-06-16,15,Emergency,System,2026-03-30 00:53:17
325,2024-01022,Lisa Mendoza,BSME,Clinic / Medical,2024-08-06,15,,System,2026-03-30 00:53:17
326,2024-01079,Linda Santos,BSEE,Clinic / Medical,2024-06-29,8,,System,2026-03-30 00:53:17
327,2024-01082,Mark Gonzales,BSEE,Clinic / Medical,2024-12-09,16,Walk-in,System,2026-03-30 00:53:17
328,2024-01021,Jennifer Villanueva,BSIT,Library,2024-12-13,17,Walk-in,System,2026-03-30 00:53:17
329,2024-01005,Jennifer Santos,BSMath,Guidance Counseling,2024-08-12,11,Walk-in,System,2026-03-30 00:53:17
330,2024-01047,Robert Mendoza,BSEE,OSAA / Student Affairs,2024-07-06,8,Emergency,System,2026-03-30 00:53:17
331,2024-01087,Linda Dela Cruz,BSME,Clinic / Medical,2024-03-19,13,Regular,System,2026-03-30 00:53:17
332,2024-01074,William Gonzales,BSMath,OSAA / Student Affairs,2024-02-09,13,Regular,System,2026-03-30 00:53:17
333,2024-01084,Mark Gonzales,BSARCHI,Library,2024-06-09,9,,System,2026-03-30 00:53:17
334,2024-01064,William Fernandez,ABEL,Registrar,2024-04-05,16,,System,2026-03-30 00:53:17
335,2024-01100,James Santos,BSARCHI,Cashier,2024-05-14,15,Follow-up,System,2026-03-30 00:53:17
336,2024-01037,Jennifer Santos,BSME,Library,2024-11-09,9,Follow-up,System,2026-03-30 00:53:17
337,2024-01058,Lisa Dela Cruz,BSMath,Cashier,2024-02-07,15,,System,2026-03-30 00:53:17
338,2024-01041,Linda Santos,BSCE,Cashier,2024-12-15,9,Emergency,System,2026-03-30 00:53:17
339,2024-01038,Juan Rodriguez,BSARCHI,ICTMO,2024-10-04,10,Walk-in,System,2026-03-30 00:53:17
340,2024-01090,William Aquino,BSMath,ICTMO,2024-12-29,13,Emergency,System,2026-03-30 00:53:17
341,2024-01016,James Villanueva,BSED,ICTMO,2024-04-24,10,Follow-up,System,2026-03-30 00:53:17
342,2024-01004,Anna Smith,BSCE,OSAA / Student Affairs,2024-09-09,17,First time,System,2026-03-30 00:53:17
343,2024-01071,James Aquino,BSMath,OSAA / Student Affairs,2024-08-27,9,,System,2026-03-30 00:53:17
344,2024-01051,John Aquino,BSME,OSAA / Student Affairs,2024-06-07,14,Regular,System,2026-03-30 00:53:17
345,2024-01010,Juan Santos,BSMath,Clinic / Medical,2024-10-21,9,Regular,System,2026-03-30 00:53:17
346,2024-01088,Robert Fernandez,ABEL,Clinic / Medical,2024-08-26,10,Emergency,System,2026-03-30 00:53:17
347,2024-01076,Anna Smith,BSMath,ICTMO,2024-11-23,10,Regular,System,2026-03-30 00:53:17
348,2024-01008,Maria Gonzales,BSCoE,OSAA / Student Affairs,2024-09-14,10,First time,System,2026-03-30 00:53:17
349,2024-01021,Jennifer Villanueva,BSCE,Cashier,2024-03-25,11,First time,System,2026-03-30 00:53:17
350,2024-01037,Jennifer Santos,BSCoE,Clinic / Medical,2024-09-22,11,Walk-in,System,2026-03-30 00:53:17
351,2024-01036,Patricia Reyes,BSMath,Cashier,2024-10-09,12,Emergency,System,2026-03-30 00:53:17
352,2024-01012,James Gonzales,ABEL,Cashier,2024-09-30,10,Emergency,System,2026-03-30 00:53:17
353,2024-01020,Michael Smith,BSMath,Cashier,2024-10-24,17,Walk-in,System,2026-03-30 00:53:17
354,2024-01044,Linda Garcia,BSIT,ICTMO,2024-11-05,8,,System,2026-03-30 00:53:17
355,2024-01083,Maria Villanueva,BSARCHI,Cashier,2024-01-24,11,Emergency,System,2026-03-30 00:53:17
356,2024-01080,John Rodriguez,BSIT,Registrar,2024-08-01,16,First time,System,2026-03-30 00:53:17
357,2024-01039,Anna Mendoza,BSME,Library,2024-11-24,14,First time,System,2026-03-30 00:53:17
358,2024-01010,Juan Santos,BSIT,Library,2024-08-20,15,Regular,System,2026-03-30 00:53:17
359,2024-01060,Michael Garcia,BSED,Clinic / Medical,2024-09-04,17,Follow-up,System,2026-03-30 00:53:17
360,2024-01092,Michael Rodriguez,BSCE,Cashier,2024-06-09,13,Regular,System,2026-03-30 00:53:17
361,2024-01098,Carlos Aquino,BSCE,OSAA / Student Affairs,2024-03-07,16,,System,2026-03-30 00:53:17
362,2024-01031,James Santos,BSME,Guidance Counseling,2024-06-12,12,Regular,System,2026-03-30 00:53:17
363,2024-01019,Michael Dela Cruz,BSCoE,Guidance Counseling,2024-05-06,12,Regular,System,2026-03-30 00:53:17
364,2024-01054,Mark Mendoza,BSED,ICTMO,2024-11-11,10,First time,System,2026-03-30 00:53:17
365,2024-01093,Lisa Santos,BSCE,Library,2024-10-22,10,Regular,System,2026-03-30 00:53:17
366,2024-01060,Michael Garcia,BSME,Clinic / Medical,2024-09-20,15,,System,2026-03-30 00:53:17
367,2024-01051,John Aquino,ABEL,Registrar,2024-02-16,11,Follow-up,System,2026-03-30 00:53:17
368,2024-01046,Lisa Reyes,BSIT,Guidance Counseling,2024-10-25,12,Regular,System,2026-03-30 00:53:17
369,2024-01084,Mark Gonzales,BSME,Clinic / Medical,2024-11-01,16,,System,2026-03-30 00:53:17
370,2024-01056,Jennifer Aquino,BSMath,Clinic / Medical,2024-02-25,13,Regular,System,2026-03-30 00:53:17
371,2024-01006,Robert Fernandez,BSEE,Guidance Counseling,2024-07-06,17,Emergency,System,2026-03-30 00:53:17
372,2024-01047,Robert Mendoza,ABEL,Clinic / Medical,2024-04-09,9,Regular,System,2026-03-30 00:53:17
373,2024-01058,Lisa Dela Cruz,ABEL,Clinic / Medical,2024-09-15,17,Walk-in,System,2026-03-30 00:53:17
374,2024-01016,James Villanueva,BSMath,Guidance Counseling,2024-11-08,14,First time,System,2026-03-30 00:53:17
375,2024-01072,Carlos Fernandez,BSCE,ICTMO,2024-06-22,10,Follow-up,System,2026-03-30 00:53:17
376,2024-01066,Robert Lim,BSEE,OSAA / Student Affairs,2024-11-04,8,,System,2026-03-30 00:53:17
377,2024-01018,Patricia Mendoza,BSCE,ICTMO,2024-01-20,15,Emergency,System,2026-03-30 00:53:17
378,2024-01020,Michael Smith,ABEL,Library,2024-08-21,13,Emergency,System,2026-03-30 00:53:17
379,2024-01021,Jennifer Villanueva,BSEE,OSAA / Student Affairs,2024-06-12,12,Emergency,System,2026-03-30 00:53:17
380,2024-01065,Lisa Reyes,ABEL,OSAA / Student Affairs,2024-06-21,15,Walk-in,System,2026-03-30 00:53:17
381,2024-01039,Anna Mendoza,BSME,ICTMO,2024-10-15,8,First time,System,2026-03-30 00:53:17
382,2024-01087,Linda Dela Cruz,BSCoE,Registrar,2024-06-18,17,First time,System,2026-03-30 00:53:17
383,2024-01081,John Rodriguez,BSIT,OSAA / Student Affairs,2024-12-18,15,First time,System,2026-03-30 00:53:17
384,2024-01100,James Santos,BSED,Cashier,2024-12-01,8,Emergency,System,2026-03-30 00:53:17
385,2024-01022,Lisa Mendoza,ABEL,Cashier,2024-09-02,17,Regular,System,2026-03-30 00:53:17
386,2024-01088,Robert Fernandez,BSED,Guidance Counseling,2024-03-16,17,Walk-in,System,2026-03-30 00:53:17
387,2024-01025,Maria Santos,BSIT,Registrar,2024-02-26,13,Regular,System,2026-03-30 00:53:17
388,2024-01053,John Lim,BSED,Registrar,2024-03-18,16,Emergency,System,2026-03-30 00:53:17
389,2024-01095,John Lim,BSIT,Cashier,2024-08-29,10,Emergency,System,2026-03-30 00:53:17
390,2024-01072,Carlos Fernandez,BSCE,Cashier,2024-04-16,15,Emergency,System,2026-03-30 00:53:17
391,2024-01041,Linda Santos,BSMath,Registrar,2024-07-11,16,First time,System,2026-03-30 00:53:17
392,2024-01046,Lisa Reyes,BSARCHI,OSAA / Student Affairs,2024-10-06,15,Follow-up,System,2026-03-30 00:53:17
393,2024-01036,Patricia Reyes,ABEL,Clinic / Medical,2024-05-06,11,First time,System,2026-03-30 00:53:17
394,2024-01091,Michael Mendoza,BSED,Cashier,2024-05-27,15,First time,System,2026-03-30 00:53:17
395,2024-01045,John Garcia,ABEL,ICTMO,2024-09-02,12,First time,System,2026-03-30 00:53:17
396,2024-01074,William Gonzales,ABEL,Registrar,2024-03-03,14,First time,System,2026-03-30 00:53:17
397,2024-01038,Juan Rodriguez,BSIT,Clinic / Medical,2024-03-15,9,First time,System,2026-03-30 00:53:17
398,2024-01084,Mark Gonzales,BSARCHI,Cashier,2024-08-14,15,Follow-up,System,2026-03-30 00:53:17
399,2024-01069,Carlos Smith,BSARCHI,OSAA / Student Affairs,2024-04-13,12,Follow-up,System,2026-03-30 00:53:17
400,2024-01079,Linda Santos,BSED,Library,2024-02-25,8,Walk-in,System,2026-03-30 00:53:17
401,2024-01029,Michael Dela Cruz,BSED,Guidance Counseling,2024-09-28,9,Regular,System,2026-03-30 00:53:17
402,2024-01092,Michael Rodriguez,BSME,Guidance Counseling,2024-06-18,10,,System,2026-03-30 00:53:17
403,2024-01021,Jennifer Villanueva,BSEE,Cashier,2024-10-08,15,Regular,System,2026-03-30 00:53:17
404,2024-01026,Mark Santos,BSARCHI,Clinic / Medical,2024-11-29,12,Walk-in,System,2026-03-30 00:53:17
405,2024-01099,Michael Smith,BSCoE,Cashier,2024-01-31,17,Follow-up,System,2026-03-30 00:53:17
406,2024-01095,John Lim,BSIT,Library,2024-09-30,14,Follow-up,System,2026-03-30 00:53:17
407,2024-01051,John Aquino,BSME,Library,2024-01-19,12,,System,2026-03-30 00:53:17
408,2024-01039,Anna Mendoza,BSCoE,Clinic / Medical,2024-01-05,12,Regular,System,2026-03-30 00:53:17
409,2024-01070,Anna Fernandez,ABEL,Registrar,2024-11-24,10,Emergency,System,2026-03-30 00:53:17
410,2024-01035,Patricia Garcia,BSED,ICTMO,2024-08-27,9,First time,System,2026-03-30 00:53:17
411,2024-01094,Carlos Villanueva,BSME,Cashier,2024-03-24,12,Walk-in,System,2026-03-30 00:53:17
412,2024-01002,Juan Fernandez,BSCE,ICTMO,2024-04-05,12,Emergency,System,2026-03-30 00:53:17
413,2024-01097,William Fernandez,BSED,Library,2024-12-11,17,Walk-in,System,2026-03-30 00:53:17
414,2024-01055,William Rodriguez,ABEL,Clinic / Medical,2024-07-26,9,Regular,System,2026-03-30 00:53:17
415,2024-01013,Juan Aquino,BSMath,Library,2024-12-08,15,First time,System,2026-03-30 00:53:17
416,2024-01001,Robert Santos,BSARCHI,Registrar,2024-05-07,11,Regular,System,2026-03-30 00:53:17
417,2024-01043,Sarah Rodriguez,BSARCHI,OSAA / Student Affairs,2024-05-16,17,,System,2026-03-30 00:53:17
418,2024-01084,Mark Gonzales,BSCE,Cashier,2024-05-13,11,,System,2026-03-30 00:53:17
419,2024-01016,James Villanueva,BSME,Clinic / Medical,2024-12-07,10,Regular,System,2026-03-30 00:53:17
420,2024-01065,Lisa Reyes,BSARCHI,Cashier,2024-12-17,9,Walk-in,System,2026-03-30 00:53:17
421,2024-01048,Jennifer Rodriguez,BSED,Library,2024-05-31,10,Regular,System,2026-03-30 00:53:17
422,2024-01059,Anna Dela Cruz,BSCE,Registrar,2024-03-19,16,Regular,System,2026-03-30 00:53:17
423,2024-01086,Carlos Aquino,BSED,ICTMO,2024-10-02,11,Walk-in,System,2026-03-30 00:53:17
424,2024-01011,Anna Reyes,ABEL,Registrar,2024-11-01,16,Walk-in,System,2026-03-30 00:53:17
425,2024-01010,Juan Santos,BSCoE,Guidance Counseling,2024-07-04,16,Emergency,System,2026-03-30 00:53:17
426,2024-01074,William Gonzales,ABEL,Library,2024-04-13,10,First time,System,2026-03-30 00:53:17
427,2024-01057,Anna Rodriguez,BSCoE,Cashier,2024-09-23,11,Walk-in,System,2026-03-30 00:53:17
428,2024-01063,William Gonzales,BSCoE,OSAA / Student Affairs,2024-10-25,15,,System,2026-03-30 00:53:17
429,2024-01017,Anna Lim,ABEL,Registrar,2024-08-20,15,Emergency,System,2026-03-30 00:53:17
430,2024-01072,Carlos Fernandez,BSME,Cashier,2024-01-30,12,Walk-in,System,2026-03-30 00:53:17
431,2024-01051,John Aquino,BSARCHI,ICTMO,2024-01-12,8,Walk-in,System,2026-03-30 00:53:17
432,2024-01075,Mark Garcia,BSCoE,Guidance Counseling,2024-04-21,14,First time,System,2026-03-30 00:53:17
433,2024-01009,Mark Dela Cruz,ABEL,Guidance Counseling,2024-12-24,9,Regular,System,2026-03-30 00:53:17
434,2024-01037,Jennifer Santos,BSEE,Library,2024-01-17,10,Walk-in,System,2026-03-30 00:53:17
435,2024-01054,Mark Mendoza,BSCE,Registrar,2024-11-26,15,Regular,System,2026-03-30 00:53:17
436,2024-01011,Anna Reyes,ABEL,Library,2024-07-11,13,,System,2026-03-30 00:53:17
437,2024-01069,Carlos Smith,BSEE,OSAA / Student Affairs,2024-04-01,10,Walk-in,System,2026-03-30 00:53:17
438,2024-01001,Robert Santos,BSIT,Clinic / Medical,2024-04-24,15,Walk-in,System,2026-03-30 00:53:17
439,2024-01055,William Rodriguez,ABEL,Registrar,2024-10-05,11,Follow-up,System,2026-03-30 00:53:17
440,2024-01045,John Garcia,BSMath,Clinic / Medical,2024-08-23,11,Walk-in,System,2026-03-30 00:53:17
441,2024-01005,Jennifer Santos,BSEE,OSAA / Student Affairs,2024-02-27,8,Follow-up,System,2026-03-30 00:53:17
442,2024-01009,Mark Dela Cruz,BSCoE,OSAA / Student Affairs,2024-04-15,8,Regular,System,2026-03-30 00:53:17
443,2024-01087,Linda Dela Cruz,BSIT,Library,2024-11-02,8,Regular,System,2026-03-30 00:53:17
444,2024-01030,Jennifer Lim,ABEL,Library,2024-08-12,8,Follow-up,System,2026-03-30 00:53:17
445,2024-01038,Juan Rodriguez,BSED,ICTMO,2024-09-14,17,First time,System,2026-03-30 00:53:17
446,2024-01077,James Lim,BSCE,Library,2024-10-22,12,Follow-up,System,2026-03-30 00:53:17
447,2024-01067,Mark Rodriguez,BSED,Registrar,2024-12-04,12,First time,System,2026-03-30 00:53:17
448,2024-01072,Carlos Fernandez,BSMath,Cashier,2024-02-01,14,Emergency,System,2026-03-30 00:53:17
449,2024-01007,William Aquino,BSCE,Cashier,2024-09-10,14,Emergency,System,2026-03-30 00:53:17
450,2024-01090,William Aquino,BSEE,Registrar,2024-06-12,10,First time,System,2026-03-30 00:53:17
451,2024-01024,Michael Garcia,ABEL,Registrar,2024-07-11,11,Follow-up,System,2026-03-30 00:53:17
452,2024-01091,Michael Mendoza,BSMath,ICTMO,2024-06-02,15,,System,2026-03-30 00:53:17
453,2024-01053,John Lim,BSEE,OSAA / Student Affairs,2024-10-14,16,Follow-up,System,2026-03-30 00:53:17
454,2024-01032,William Villanueva,BSARCHI,Library,2024-07-17,13,Walk-in,System,2026-03-30 00:53:17
455,2024-01058,Lisa Dela Cruz,BSCE,Guidance Counseling,2024-02-10,16,Walk-in,System,2026-03-30 00:53:17
456,2024-01007,William Aquino,BSARCHI,Registrar,2024-04-07,17,Emergency,System,2026-03-30 00:53:17
457,2024-01010,Juan Santos,BSED,ICTMO,2024-01-21,17,Walk-in,System,2026-03-30 00:53:17
458,2024-01072,Carlos Fernandez,BSED,Registrar,2024-12-09,11,First time,System,2026-03-30 00:53:17
459,2024-01002,Juan Fernandez,BSED,Library,2024-06-04,9,Walk-in,System,2026-03-30 00:53:17
460,2024-01032,William Villanueva,BSED,Registrar,2024-09-02,11,Emergency,System,2026-03-30 00:53:17
461,2024-01100,James Santos,BSARCHI,Registrar,2024-06-13,15,Emergency,System,2026-03-30 00:53:17
462,2024-01046,Lisa Reyes,BSARCHI,Clinic / Medical,2024-11-28,13,Emergency,System,2026-03-30 00:53:17
463,2024-01060,Michael Garcia,BSCoE,ICTMO,2024-09-11,15,First time,System,2026-03-30 00:53:17
464,2024-01048,Jennifer Rodriguez,BSCE,Registrar,2024-04-14,8,Emergency,System,2026-03-30 00:53:17
465,2024-01095,John Lim,BSMath,Guidance Counseling,2024-04-23,12,Emergency,System,2026-03-30 00:53:17
466,2024-01075,Mark Garcia,BSEE,Clinic / Medical,2024-10-26,10,Follow-up,System,2026-03-30 00:53:17
467,2024-01030,Jennifer Lim,BSEE,OSAA / Student Affairs,2024-06-17,11,Regular,System,2026-03-30 00:53:17
468,2024-01084,Mark Gonzales,BSCE,Clinic / Medical,2024-10-08,15,Walk-in,System,2026-03-30 00:53:17
469,2024-01095,John Lim,BSME,Registrar,2024-11-24,10,Walk-in,System,2026-03-30 00:53:17
470,2024-01022,Lisa Mendoza,BSMath,Cashier,2024-06-29,16,Regular,System,2026-03-30 00:53:17
471,2024-01070,Anna Fernandez,BSIT,OSAA / Student Affairs,2024-04-04,8,,System,2026-03-30 00:53:17
472,2024-01007,William Aquino,BSIT,Registrar,2024-12-08,10,Walk-in,System,2026-03-30 00:53:17
473,2024-01009,Mark Dela Cruz,BSMath,Guidance Counseling,2024-04-28,11,Emergency,System,2026-03-30 00:53:17
474,2024-01048,Jennifer Rodriguez,BSIT,OSAA / Student Affairs,2024-08-21,17,Regular,System,2026-03-30 00:53:17
475,2024-01063,William Gonzales,BSIT,Guidance Counseling,2024-12-03,16,Emergency,System,2026-03-30 00:53:17
476,2024-01002,Juan Fernandez,BSIT,OSAA / Student Affairs,2024-07-29,12,Emergency,System,2026-03-30 00:53:17
477,2024-01003,Carlos Reyes,ABEL,ICTMO,2024-05-26,14,Follow-up,System,2026-03-30 00:53:17
478,2024-01013,Juan Aquino,ABEL,Library,2024-02-24,11,Follow-up,System,2026-03-30 00:53:17
479,2024-01068,Sarah Smith,BSARCHI,ICTMO,2024-11-13,13,First time,System,2026-03-30 00:53:17
480,2024-01011,Anna Reyes,BSCE,Registrar,2024-07-22,15,Emergency,System,2026-03-30 00:53:17
481,2024-01090,William Aquino,BSED,Clinic / Medical,2024-05-04,9,Walk-in,System,2026-03-30 00:53:17
482,2024-01098,Carlos Aquino,BSIT,Guidance Counseling,2024-11-28,14,Regular,System,2026-03-30 00:53:17
483,2024-01071,James Aquino,BSME,Guidance Counseling,2024-07-12,8,Walk-in,System,2026-03-30 00:53:17
484,2024-01011,Anna Reyes,BSME,ICTMO,2024-03-28,14,Walk-in,System,2026-03-30 00:53:17
485,2024-01073,Patricia Villanueva,BSCoE,OSAA / Student Affairs,2024-06-18,8,Follow-up,System,2026-03-30 00:53:17
486,2024-01089,Maria Rodriguez,BSME,Clinic / Medical,2024-04-18,8,,System,2026-03-30 00:53:17
487,2024-01036,Patricia Reyes,ABEL,OSAA / Student Affairs,2024-12-16,8,Follow-up,System,2026-03-30 00:53:17
488,2024-01003,Carlos Reyes,BSED,OSAA / Student Affairs,2024-06-10,10,Walk-in,System,2026-03-30 00:53:17
489,2024-01010,Juan Santos,BSARCHI,Library,2024-07-22,17,Follow-up,System,2026-03-30 00:53:17
490,2024-01050,Patricia Rodriguez,ABEL,Clinic / Medical,2024-10-17,14,Walk-in,System,2026-03-30 00:53:17
491,2024-01089,Maria Rodriguez,BSCoE,OSAA / Student Affairs,2024-03-12,13,,System,2026-03-30 00:53:17
492,2024-01056,Jennifer Aquino,BSED,ICTMO,2024-02-20,9,First time,System,2026-03-30 00:53:17
493,2024-01099,Michael Smith,BSEE,ICTMO,2024-11-05,13,,System,2026-03-30 00:53:17
494,2024-01035,Patricia Garcia,BSME,Registrar,2024-11-20,11,First time,System,2026-03-30 00:53:17
495,2024-01049,Robert Santos,BSEE,Library,2024-10-10,17,Walk-in,System,2026-03-30 00:53:17
496,2024-01011,Anna Reyes,BSARCHI,ICTMO,2024-07-13,11,Walk-in,System,2026-03-30 00:53:17
497,2024-01011,Anna Reyes,BSARCHI,Library,2024-02-07,14,Walk-in,System,2026-03-30 00:53:17
498,2024-01020,Michael Smith,BSEE,Clinic / Medical,2024-11-20,13,,System,2026-03-30 00:53:17
499,2024-01001,Robert Santos,BSARCHI,Registrar,2024-02-16,13,First time,System,2026-03-30 00:53:17
500,2024-01017,Anna Lim,BSCoE,Library,2024-02-22,14,Regular,System,2026-03-30 00:53:17
501,22-UR-0701,CJ Odato,BSIT,Guidance Counseling,2026-03-30,8,,System Administrator,2026-03-30 00:57:33
